<?xml version="1.0" encoding="UTF-8"?>
<project-private xmlns="http://www.netbeans.org/ns/project-private/1">
    <editor-bookmarks xmlns="http://www.netbeans.org/ns/editor-bookmarks/2" lastBookmarkId="0"/>
    <open-files xmlns="http://www.netbeans.org/ns/projectui-open-files/2">
        <group>
            <file>file:/C:/Users/wende/Downloads/Busca-de-cep-master/Busca-de-cep-master/src/jbuscacep/JBuscaCEP.java</file>
            <file>file:/C:/Users/wende/Downloads/Busca-de-cep-master/Busca-de-cep-master/src/frames/JFrmBuscaCep.java</file>
        </group>
    </open-files>
</project-private>
